pick,team_id,manager,player_id,player,pos,nfl_team,keeper,espn_bid,keeper_cost,trade_fee,draft_capital,keeper_cost_next,nominated_by,notes
1,1,Marf,4248528,Christian Watson,WR,GB,1,39,5,5,10,8,,
2,1,Marf,4696981,Cam Skattebo,RB,NYG,1,6,6,0,6,9,,
3,1,Marf,12483,Matthew Stafford,QB,LAR,1,6,9,5,14,14,,
4,1,Marf,4429160,De'Von Achane,RB,MIA,1,4,14,0,14,21,,
5,1,Marf,4430878,Jaxon Smith-Njigba,WR,SEA,1,21,32,0,32,48,,
6,2,Demers,4431299,Rome Odunze,WR,CHI,1,12,18,0,18,27,,
7,2,Demers,4371733,Kenny Gainwell,RB,TB,1,31,5,3,8,8,,
8,2,Demers,4361050,Isaiah Likely,TE,NYG,1,1,5,0,5,8,,
9,2,Demers,4688813,Josh Downs,WR,IND,1,0,5,0,5,8,,
10,2,Demers,4432620,Parker Washington,WR,JAX,1,0,5,3,8,8,,
11,3,Pin,4429795,Jahmyr Gibbs,RB,DET,1,24,54,0,54,81,,
12,3,Pin,4723086,Colston Loveland,TE,CHI,1,41,15,0,15,23,,
13,3,Pin,4361307,Trey McBride,TE,ARI,1,23,12,0,12,18,,
14,3,Pin,4689114,Jaxson Dart,QB,NYG,1,5,8,0,8,12,,
15,3,Pin,4035538,David Montgomery,RB,HOU,1,8,12,0,12,18,,
16,4,Larsen,3915416,DJ Moore,WR,BUF,1,14,21,0,21,32,,
17,4,Larsen,4242355,Jake Ferguson,TE,DAL,1,2,5,0,5,8,,
18,4,Larsen,4569587,Wan'Dale Robinson,WR,TEN,1,17,5,0,5,8,,
19,4,Larsen,4360761,Michael Wilson,WR,ARI,1,1,5,1,6,8,,
20,5,Dave,4360689,Tyler Shough,QB,NO,1,9,5,0,5,8,,
21,5,Dave,4567750,Emeka Egbuka,WR,TB,1,10,15,0,15,23,,
22,5,Dave,4428331,Rashee Rice,WR,KC,1,28,12,0,12,18,,
23,5,Dave,3116165,Chris Godwin Jr.,WR,TB,1,8,6,0,6,9,,
24,5,Dave,4258173,Nico Collins,WR,HOU,1,6,21,4,25,32,,
25,6,Dre,4429025,Quentin Johnston,WR,LAC,1,15,5,0,5,8,,
26,6,Dre,4882093,Bhayshul Tuten,RB,JAX,1,2,5,0,5,8,,
27,6,Dre,4426388,Jameson Williams,WR,DET,1,4,9,0,9,14,,
28,6,Dre,4685278,Luther Burden III,WR,CHI,1,4,6,0,6,9,,
29,7,Davis,4569173,Rhamondre Stevenson,RB,NE,1,4,6,0,6,9,,
30,7,Davis,4430737,Kyren Williams,RB,LAR,1,27,12,0,12,18,,
31,7,Davis,4372016,Jaylen Waddle,WR,DEN,1,12,18,0,18,27,,
32,7,Davis,4361370,Chris Olave,WR,NO,1,14,21,0,21,32,,
33,7,Davis,4429096,Blake Corum,RB,LAR,1,1,5,0,5,8,,
34,8,Tami,4361579,Javonte Williams,RB,DAL,1,10,15,0,15,23,,
35,8,Tami,4360635,Chig Okonkwo,TE,WSH,1,18,5,3,8,8,,
36,8,Tami,4360248,Kyle Pitts Sr.,TE,ATL,1,4,6,0,6,9,,
37,8,Tami,4429615,Zay Flowers,WR,BAL,1,11,17,0,17,26,,
38,9,Wilkens,3121023,Dallas Goedert,TE,PHI,1,10,5,0,5,8,,
39,9,Wilkens,4596448,Bucky Irving,RB,TB,1,16,8,0,8,12,,
40,9,Wilkens,4362238,Chase Brown,RB,CIN,1,7,17,0,17,26,,
41,9,Wilkens,4239996,Travis Etienne Jr.,RB,NO,1,4,6,0,6,9,,
42,9,Wilkens,4431452,Drake Maye,QB,NE,1,7,17,0,17,26,,
43,10,Hagan,4426515,Puka Nacua,WR,LAR,1,13,12,0,12,18,,
44,10,Hagan,4685702,Quinshon Judkins,RB,CLE,1,6,9,0,9,14,,
45,10,Hagan,5083076,Harold Fannin Jr.,TE,CLE,1,11,5,2,7,8,,
46,10,Hagan,4362249,Jayden Reed,WR,GB,1,5,12,0,12,18,,
47,11,Zips,4360078,Alec Pierce,WR,IND,1,4,5,0,5,8,,
48,12,Jake,4697815,Rachaad White,RB,WSH,1,22,5,0,5,8,,
49,12,Jake,4241478,DeVonta Smith,WR,PHI,1,15,23,0,23,35,,rights bought from Zips for Pierce + A.Mitchell + $1 draft cash
50,12,Jake,3912547,Sam Darnold,QB,SEA,1,4,9,0,9,14,,
51,12,Jake,4361432,Romeo Doubs,WR,NE,1,2,5,0,5,8,,
52,9,Wilkens,4047646,A.J. Brown,WR,NE,0,17,,,17,26,Demers,
53,7,Davis,3918298,Josh Allen,QB,BUF,0,56,,,56,84,Jake,
54,11,Zips,-16026,Seahawks D/ST,DST,SEA,0,4,,,4,6,Hagan,
55,11,Zips,4430807,Bijan Robinson,RB,ATL,0,62,,,62,93,Dave,
56,12,Jake,-16021,Eagles D/ST,DST,PHI,0,1,,,1,5,Larsen,
57,10,Hagan,-16014,Rams D/ST,DST,LAR,0,3,,,3,5,Tami,
58,5,Dave,-16007,Broncos D/ST,DST,DEN,0,1,,,1,5,Zips,
59,10,Hagan,3916387,Lamar Jackson,QB,BAL,0,43,,,43,65,Marf,
60,6,Dre,4362628,Ja'Marr Chase,WR,CIN,0,50,,,50,75,Dre,
61,9,Wilkens,3117251,Christian McCaffrey,RB,SF,0,45,,,45,68,Wilkens,
62,2,Demers,2577417,Dak Prescott,QB,DAL,0,25,,,25,38,Davis,
63,4,Larsen,3043078,Derrick Henry,RB,BAL,0,41,,,41,62,Pin,
64,10,Hagan,4432665,Brock Bowers,TE,LV,0,28,,,28,42,Demers,
65,12,Jake,4426348,Jayden Daniels,QB,WSH,0,29,,,29,44,Jake,
66,7,Davis,4040715,Jalen Hurts,QB,PHI,0,31,,,31,47,Hagan,
67,1,Marf,-16034,Texans D/ST,DST,HOU,0,2,,,2,5,Dave,
68,10,Hagan,4242335,Jonathan Taylor,RB,IND,0,47,,,47,71,Larsen,
69,5,Dave,4374302,Amon-Ra St. Brown,WR,DET,0,42,,,42,63,Tami,
70,1,Marf,4431459,Tyler Warren,TE,IND,0,13,,,13,20,Zips,
71,2,Demers,4241389,CeeDee Lamb,WR,DAL,0,43,,,43,65,Marf,
72,2,Demers,3915511,Joe Burrow,QB,CIN,0,30,,,30,45,Dre,
73,11,Zips,4038941,Justin Herbert,QB,LAC,0,27,,,27,41,Wilkens,
74,1,Marf,4685382,Omarion Hampton,RB,LAC,0,36,,,36,54,Davis,
75,6,Dre,4567048,Kenneth Walker III,RB,KC,0,31,,,31,47,Pin,
76,6,Dre,4047365,Josh Jacobs,RB,GB,0,12,,,12,18,Demers,
77,9,Wilkens,4426502,Drake London,WR,ATL,0,31,,,31,47,Jake,
78,5,Dave,4379399,James Cook III,RB,BUF,0,34,,,34,51,Hagan,
79,2,Demers,-16023,Steelers D/ST,DST,PIT,0,1,,,1,5,Dave,
80,12,Jake,4688380,Cam Ward,QB,TEN,0,10,,,10,15,Larsen,
81,4,Larsen,4262921,Justin Jefferson,WR,MIN,0,31,,,31,47,Tami,
82,1,Marf,4426354,George Pickens,WR,DAL,0,22,,,22,33,Zips,
83,8,Tami,4870808,Jeremiyah Love,RB,ARI,0,14,,,14,21,Marf,
84,6,Dre,4427366,Breece Hall,RB,NYJ,0,24,,,24,36,Dre,
85,11,Zips,4572680,Tucker Kraft,TE,GB,0,15,,,15,23,Wilkens,
86,4,Larsen,3046779,Jared Goff,QB,DET,0,23,,,23,35,Davis,
87,3,Pin,4595348,Malik Nabers,WR,NYG,0,21,,,21,32,Pin,
88,9,Wilkens,-16024,Chargers D/ST,DST,LAC,0,1,,,1,5,Demers,
89,7,Davis,4430027,Sam LaPorta,TE,DET,0,8,,,8,12,Jake,
90,4,Larsen,4890973,Ashton Jeanty,RB,LV,0,19,,,19,29,Hagan,
91,5,Dave,3929630,Saquon Barkley,RB,PHI,0,24,,,24,36,Dave,
92,12,Jake,4685512,Jadarian Price,RB,SEA,0,20,,,20,30,Larsen,
93,12,Jake,4429013,Tank Bigsby,RB,PHI,0,6,,,6,9,Tami,
94,4,Larsen,16737,Mike Evans,WR,SF,0,16,,,16,24,Zips,
95,3,Pin,4426338,Bo Nix,QB,DEN,0,19,,,19,29,Marf,
96,8,Tami,3916148,Tony Pollard,RB,TEN,0,13,,,13,20,Dre,
97,11,Zips,4696044,Kaelon Black,RB,SF,0,9,,,9,14,Wilkens,
98,1,Marf,4361741,Brock Purdy,QB,SF,0,19,,,19,29,Davis,
99,1,Marf,3917315,Kyler Murray,QB,MIN,0,15,,,15,23,Pin,
100,5,Dave,4360310,Trevor Lawrence,QB,JAX,0,22,,,22,33,Demers,
101,8,Tami,3121422,Terry McLaurin,WR,WSH,0,20,,,20,30,Jake,
102,12,Jake,4569618,Garrett Wilson,WR,NYJ,0,16,,,16,24,Hagan,
103,8,Tami,3139477,Patrick Mahomes,QB,KC,0,17,,,17,26,Dave,
104,12,Jake,15864,Geno Smith,QB,NYJ,0,9,,,9,14,Larsen,
105,2,Demers,4259545,D'Andre Swift,RB,CHI,0,23,,,23,35,Tami,
106,7,Davis,4612826,Ladd McConkey,WR,LAC,0,21,,,21,32,Zips,
107,6,Dre,4431611,Caleb Williams,QB,CHI,0,27,,,27,41,Marf,
108,3,Pin,4685472,Tetairoa McMillan,WR,CAR,0,19,,,19,29,Dre,
109,12,Jake,4685555,Nicholas Singleton,RB,TEN,0,5,,,5,8,Wilkens,
110,8,Tami,16800,Davante Adams,WR,LAR,0,9,,,9,14,Davis,
111,11,Zips,4239993,Tee Higgins,WR,CIN,0,17,,,17,26,Pin,
112,8,Tami,4036378,Jordan Love,QB,GB,0,16,,,16,24,Demers,
113,7,Davis,-16033,Ravens D/ST,DST,BAL,0,1,,,1,5,Jake,
114,8,Tami,4678008,Jonathon Brooks,RB,CAR,0,8,,,8,12,Hagan,
115,6,Dre,3040151,George Kittle,TE,SF,0,9,,,9,14,Dave,
116,8,Tami,4241985,J.K. Dobbins,RB,DEN,0,8,,,8,12,Larsen,
117,8,Tami,4360569,Jordan Mason,RB,MIN,0,9,,,9,14,Tami,
118,12,Jake,4871023,Carnell Tate,WR,TEN,0,11,,,11,17,Zips,
119,6,Dre,4242512,Malik Willis,QB,MIA,0,10,,,10,15,Marf,
120,4,Larsen,3052587,Baker Mayfield,QB,TB,0,19,,,19,29,Dre,
121,11,Zips,4702555,Jonah Coleman,RB,DEN,0,8,,,8,12,Wilkens,
122,11,Zips,3917792,Daniel Jones,QB,IND,0,12,,,12,18,Davis,
123,12,Jake,4038815,Rico Dowdle,RB,PIT,0,10,,,10,15,Pin,
124,9,Wilkens,4432577,C.J. Stroud,QB,HOU,0,15,,,15,23,Demers,
125,10,Hagan,3128429,Courtland Sutton,WR,DEN,0,11,,,11,17,Jake,
126,11,Zips,4429023,MarShawn Lloyd,RB,GB,0,8,,,8,12,Hagan,
127,2,Demers,4569987,Jaylen Warren,RB,PIT,0,16,,,16,24,Dave,
128,12,Jake,15847,Travis Kelce,TE,KC,0,3,,,3,5,Larsen,
129,11,Zips,4685720,Bryce Young,QB,CAR,0,12,,,12,18,Tami,
130,3,Pin,4710714,De'Zhaun Stribling,WR,SF,0,6,,,6,9,Zips,
131,10,Hagan,2578570,Jacoby Brissett,QB,ARI,0,7,,,7,11,Marf,
132,10,Hagan,4035687,Michael Pittman Jr.,WR,PIT,0,15,,,15,23,Dre,
133,9,Wilkens,4432708,Marvin Harrison Jr.,WR,ARI,0,15,,,15,23,Wilkens,
134,8,Tami,4701936,Matthew Golden,WR,GB,0,12,,,12,18,Davis,
135,12,Jake,4432773,Brian Thomas Jr.,WR,JAX,0,11,,,11,17,Pin,
136,11,Zips,4047650,DK Metcalf,WR,PIT,0,11,,,11,17,Demers,
137,7,Davis,4241416,Chuba Hubbard,RB,CAR,0,7,,,7,11,Jake,
138,8,Tami,3122840,Deshaun Watson,QB,CLE,0,2,,,2,5,Hagan,
139,12,Jake,3116365,Mark Andrews,TE,BAL,0,6,,,6,9,Dave,
140,12,Jake,4685415,Travis Hunter,WR,JAX,0,1,,,1,5,Larsen,
141,9,Wilkens,3916433,Jakobi Meyers,WR,JAX,0,7,,,7,11,Tami,
142,8,Tami,4683062,Xavier Worthy,WR,KC,0,6,,,6,9,Zips,
143,12,Jake,4432710,TreVeyon Henderson,RB,NE,0,10,,,10,15,Marf,
144,3,Pin,4429205,Jordan Addison,WR,MIN,0,11,,,11,17,Dre,
145,1,Marf,4686658,Mike Washington Jr.,RB,LV,0,4,,,4,6,Wilkens,
146,12,Jake,4608686,Kyle Monangai,RB,CHI,0,8,,,8,12,Davis,
147,7,Davis,2976212,Stefon Diggs,WR,WSH,0,7,,,7,11,Pin,
148,9,Wilkens,3929645,Juwan Johnson,TE,NO,0,3,,,3,5,Demers,
149,9,Wilkens,4373678,Khalil Shakir,WR,BUF,0,6,,,6,9,Jake,
150,3,Pin,14880,Kirk Cousins,QB,LV,0,3,,,3,5,Hagan,
151,7,Davis,4385690,Dalton Kincaid,TE,BUF,0,2,,,2,5,Dave,
152,1,Marf,3126486,Deebo Samuel Sr.,WR,SF,0,6,,,6,9,Larsen,
153,4,Larsen,4575131,Jacory Croskey-Merritt,RB,WSH,0,5,,,5,8,Tami,
154,4,Larsen,4362619,Chris Rodriguez Jr.,RB,JAX,0,4,,,4,6,Zips,
155,8,Tami,4373626,Tyler Allgeier,RB,ARI,0,3,,,3,5,Marf,
156,6,Dre,4880281,Jordyn Tyson,WR,NO,0,4,,,4,6,Dre,
157,2,Demers,3042519,Aaron Jones Sr.,RB,MIN,0,3,,,3,5,Wilkens,
158,10,Hagan,4430834,Jalen McMillan,WR,TB,0,3,,,3,5,Davis,
159,5,Dave,3046439,Hunter Henry,TE,NE,0,2,,,2,5,Pin,
160,8,Tami,4568490,RJ Harvey,RB,DEN,0,5,,,5,8,Demers,
161,3,Pin,-16010,Titans D/ST,DST,TEN,0,1,,,1,5,Jake,
162,5,Dave,4832955,Emmett Johnson,RB,KC,0,3,,,3,5,Hagan,
163,7,Davis,4241474,Brian Robinson Jr.,RB,ATL,0,2,,,2,5,Dave,
164,11,Zips,5083315,Kenyon Sadiq,TE,NYJ,0,3,,,3,5,Larsen,
165,4,Larsen,-16008,Lions D/ST,DST,DET,0,1,,,1,5,Tami,
166,8,Tami,4429022,Kayshon Boutte,WR,HOU,0,1,,,1,5,Zips,
167,9,Wilkens,4870847,Ja'Kobi Lane,WR,BAL,0,3,,,3,5,Marf,
168,3,Pin,4429059,Woody Marks,RB,HOU,0,2,,,2,5,Dre,
169,9,Wilkens,4870653,KC Concepcion,WR,CLE,0,4,,,4,6,Wilkens,
170,9,Wilkens,5344782,Jack Strand,QB,ATL,0,1,,,1,5,Davis,
171,7,Davis,-16025,49ers D/ST,DST,SF,0,1,,,1,5,Pin,
172,3,Pin,4832800,Denzel Boston,WR,CLE,0,3,,,3,5,Demers,
173,2,Demers,4695883,Jalen Coker,WR,CAR,0,1,,,1,5,Jake,
174,9,Wilkens,4869645,Caleb Douglas,WR,MIA,0,2,,,2,5,Hagan,
175,2,Demers,4870795,Makai Lemon,WR,PHI,0,2,,,2,5,Dave,
176,5,Dave,4426385,Zach Charbonnet,RB,SEA,0,4,,,4,6,Larsen,
177,8,Tami,-16017,Patriots D/ST,DST,NE,0,1,,,1,5,Tami,
178,11,Zips,4723820,Omar Cooper Jr.,WR,NYJ,0,1,,,1,5,Zips,
179,3,Pin,4428718,Tre Tucker,WR,LV,0,3,,,3,5,Marf,
180,3,Pin,4837248,Fernando Mendoza,QB,LV,0,5,,,5,8,Dre,
181,9,Wilkens,4686728,Gunnar Helm,TE,TEN,0,3,,,3,5,Wilkens,
182,2,Demers,4428557,Tyjae Spears,RB,TEN,0,2,,,2,5,Davis,
183,2,Demers,2969939,Jameis Winston,QB,NYG,0,2,,,2,5,Pin,
184,2,Demers,4682648,Malachi Fields,WR,NYG,0,4,,,4,6,Demers,
185,10,Hagan,4382466,Jalen Nailor,WR,LV,0,1,,,1,5,Jake,
186,5,Dave,4032473,Rashid Shaheed,WR,SEA,0,1,,,1,5,Hagan,
187,11,Zips,4432762,Shedeur Sanders,QB,CLE,0,2,,,2,5,Dave,
188,11,Zips,4597500,Adonai Mitchell,WR,NYJ,0,1,,,1,5,Larsen,
189,1,Marf,4429086,Michael Mayer,TE,LV,0,1,,,1,5,Tami,
190,6,Dre,8439,Aaron Rodgers,QB,PIT,0,1,,,1,5,Zips,
191,9,Wilkens,4596334,Keaton Mitchell,RB,LAC,0,1,,,1,5,Marf,
192,7,Davis,4036133,T.J. Hockenson,TE,MIN,0,1,,,1,5,Dre,
193,3,Pin,4383429,Jacob Saylors,RB,DET,0,1,,,1,5,Wilkens,
194,2,Demers,4869961,Chris Bell,WR,MIA,0,2,,,2,5,Davis,
195,10,Hagan,4570037,Terrance Ferguson,TE,LAR,0,1,,,1,5,Pin,
196,5,Dave,4360423,Michael Penix Jr.,QB,ATL,0,1,,,1,5,Demers,
197,4,Larsen,3117256,Dalton Schultz,TE,HOU,0,1,,,1,5,Jake,
198,11,Zips,3886598,Jauan Jennings,WR,MIN,0,1,,,1,5,Hagan,
199,1,Marf,4685247,Braelon Allen,RB,NYJ,0,1,,,1,5,Dave,
200,3,Pin,4430539,Brenton Strange,TE,JAX,0,2,,,2,5,Larsen,
201,7,Davis,4241463,Jerry Jeudy,WR,CLE,0,1,,,1,5,Tami,
202,3,Pin,4429501,Ray Davis,RB,BUF,0,2,,,2,5,Zips,
203,2,Demers,15818,Keenan Allen,WR,IND,0,1,,,1,5,Marf,
204,10,Hagan,4819231,Kaleb Johnson,RB,GB,0,1,,,1,5,Dre,
205,5,Dave,5220680,Ted Hurst III,WR,TB,0,1,,,1,5,Wilkens,
206,4,Larsen,4912218,Cyrus Allen,WR,KC,0,1,,,1,5,Davis,
207,11,Zips,4430871,Sean Tucker,RB,TB,0,1,,,1,5,Pin,
208,1,Marf,4360939,Rashod Bateman,WR,BAL,0,1,,,1,5,Demers,
209,6,Dre,4600981,Pat Bryant,WR,DEN,0,1,,,1,5,Jake,
210,7,Davis,3925357,Calvin Ridley,WR,TEN,0,1,,,1,5,Hagan,
211,3,Pin,3043116,Demarcus Robinson,WR,SF,0,1,,,1,5,Dave,
212,2,Demers,4429084,Anthony Richardson Sr.,QB,IND,0,1,,,1,5,Larsen,
213,10,Hagan,4569603,Malik Washington,WR,MIA,0,1,,,1,5,Tami,
214,5,Dave,4430841,Carson Beck,QB,ARI,0,1,,,1,5,Zips,
215,4,Larsen,3924327,Drew Lock,QB,SEA,0,1,,,1,5,Marf,
216,11,Zips,4361411,Pat Freiermuth,TE,PIT,0,1,,,1,5,Dre,
217,1,Marf,4428850,Dontayvion Wicks,WR,PHI,0,1,,,1,5,Wilkens,
218,6,Dre,4685522,Ty Simpson,QB,LAR,0,1,,,1,5,Davis,
219,7,Davis,4241479,Tua Tagovailoa,QB,ATL,0,1,,,1,5,Pin,
220,10,Hagan,4586312,Jaylin Noel,WR,HOU,0,1,,,1,5,Demers,
221,5,Dave,4367209,Greg Dulcich,TE,MIA,0,1,,,1,5,Jake,
222,4,Larsen,16733,Odell Beckham Jr.,WR,NYG,0,1,,,1,5,Hagan,
223,11,Zips,16002,Kyle Juszczyk,RB,SF,0,1,,,1,5,Dave,
224,1,Marf,4569559,Devaughn Vele,WR,NO,0,1,,,1,5,Larsen,
225,6,Dre,4686612,Tre' Harris,WR,LAC,0,1,,,1,5,Tami,
226,7,Davis,-16005,Browns D/ST,DST,CLE,0,1,,,1,5,Zips,
227,10,Hagan,2977187,Cooper Kupp,WR,SEA,0,1,,,1,5,Marf,
228,5,Dave,4870612,Zachariah Branch,WR,ATL,0,1,,,1,5,Dre,
229,4,Larsen,5083754,Ryan Flournoy,WR,DAL,0,1,,,1,5,Wilkens,
230,1,Marf,3054850,Alvin Kamara,RB,NO,0,1,,,1,5,Davis,
231,6,Dre,4427095,DeMario Douglas,WR,NE,0,1,,,1,5,Pin,
232,10,Hagan,4038441,Justice Hill,RB,BAL,0,1,,,1,5,Demers,
233,5,Dave,4686468,Seth McGowan,RB,IND,0,1,,,1,5,Jake,
234,4,Larsen,4576297,AJ Barner,TE,SEA,0,1,,,1,5,Hagan,
235,1,Marf,4685413,Cade Klubnik,QB,NYJ,0,1,,,1,5,Dave,
236,6,Dre,5081397,Dylan Sampson,RB,CLE,0,1,,,1,5,Larsen,
237,10,Hagan,-16012,Chiefs D/ST,DST,KC,0,1,,,1,5,Tami,
238,4,Larsen,4682745,Jaylen Wright,RB,MIA,0,1,,,1,5,Zips,
239,6,Dre,3051876,Evan Engram,TE,DEN,0,1,,,1,5,Marf,
240,6,Dre,-16030,Jaguars D/ST,DST,JAX,0,1,,,1,5,Dre,
