week,window_start,window_end,game_dates,notes
1,2026-09-08,2026-09-14,2026-09-09;2026-09-10;2026-09-13;2026-09-14,Wed 9/9 season-opening kickoff game; Thu 9/10; Sun 9/13; Mon 9/14
2,2026-09-15,2026-09-21,2026-09-17;2026-09-20;2026-09-21,Thu 9/17 TNF Lions@Bills (final: Bills 41-31); Sun 9/20; Mon 9/21
3,2026-09-22,2026-09-28,2026-09-24;2026-09-27;2026-09-28,Thu 9/24 TNF Falcons@Packers; Sun 9/27; Mon 9/28
4,2026-09-29,2026-10-05,2026-10-01;2026-10-04;2026-10-05,Thu 10/1 TNF Steelers@Browns; Sun 10/4; Mon 10/5
5,2026-10-06,2026-10-12,2026-10-08;2026-10-11;2026-10-12,Thu 10/8 TNF Buccaneers@Cowboys; Sun 10/11; Mon 10/12
6,2026-10-13,2026-10-19,2026-10-15;2026-10-18;2026-10-19,Thu 10/15 TNF Seahawks@Broncos; Sun 10/18; Mon 10/19
7,2026-10-20,2026-10-26,2026-10-22;2026-10-25;2026-10-26,Thu 10/22 TNF Patriots@Bears; Sun 10/25; Mon 10/26
8,2026-10-27,2026-11-02,2026-10-29;2026-11-01;2026-11-02,Thu 10/29 TNF Panthers@Packers; Sun 11/1; Mon 11/2
9,2026-11-03,2026-11-09,2026-11-05;2026-11-08;2026-11-09,Thu 11/5 TNF Jaguars@Ravens; Sun 11/8; Mon 11/9
10,2026-11-10,2026-11-16,2026-11-12;2026-11-15;2026-11-16,Thu 11/12 TNF Commanders@Giants; Sun 11/15; Mon 11/16
11,2026-11-17,2026-11-23,2026-11-19;2026-11-22;2026-11-23,Thu 11/19 TNF Colts@Texans; Sun 11/22; Mon 11/23
12,2026-11-24,2026-11-30,2026-11-25;2026-11-26;2026-11-27;2026-11-29;2026-11-30,Thanksgiving week -- Wed 11/25; Thu 11/26 (Thanksgiving games); Fri 11/27 3pm; Sun 11/29; Mon 11/30
13,2026-12-01,2026-12-07,2026-12-03;2026-12-06;2026-12-07,Thu 12/3 TNF Chiefs@Rams; Sun 12/6; Mon 12/7
14,2026-12-08,2026-12-14,2026-12-10;2026-12-13;2026-12-14,Thu 12/10 TNF Vikings@Patriots; Sun 12/13; Mon 12/14
15,2026-12-15,2026-12-21,2026-12-17;2026-12-19;2026-12-20;2026-12-21,Thu 12/17 TNF 49ers@Chargers; Sat 12/19 (2 games); Sun 12/20; Mon 12/21
16,2026-12-22,2026-12-28,2026-12-24;2026-12-25;2026-12-27,Thu 12/24; Fri 12/25 Christmas (3 games); Sun 12/27 -- no Monday game confirmed yet; some slots flexed/TBD later in season
17,2026-12-29,2027-01-04,2026-12-31;2027-01-03;2027-01-04,Thu 12/31 TNF Ravens@Bengals; Sun 1/3/27; Mon 1/4/27; some late-season games still flex/TBD
18,2027-01-05,2027-01-11,,Dates not yet published by the NFL as of last verification -- expected all Sat 1/9/27 - Sun 1/10/27 (no MNF) based on regular season officially ending 2027-01-10; re-verify closer to the date
