pick,round,round_pick,team_id,manager,player_id,player,pos,nfl_team,keeper,bid,draft_capital,keeper_cost_next,notes
1,1,1,7,kanin_ball,9221,Jahmyr Gibbs,RB,DET,0,0,100,,
2,1,2,6,jwman92,9509,Bijan Robinson,RB,ATL,0,0,98,,
3,1,3,9,JimTomPinch,4984,Josh Allen,QB,BUF,0,0,95,,
4,1,4,8,Nexus510,9488,Jaxon Smith-Njigba,WR,SEA,0,0,93,,
5,1,5,1,Redskye2099,9493,Puka Nacua,WR,LAR,0,0,90,,
6,1,6,10,casaderecha,7564,Ja'Marr Chase,WR,CIN,0,0,88,,
7,1,7,4,mlilie05,6813,Jonathan Taylor,RB,IND,0,0,86,,
8,1,8,12,LordArminhammer,9226,De'Von Achane,RB,MIA,0,0,84,,
9,1,9,3,Schwarzlose,4034,Christian McCaffrey,RB,SF,0,0,82,,
10,1,10,5,AndySpidy,4881,Lamar Jackson,QB,BAL,0,0,80,,
11,1,11,2,Jake,7547,Amon-Ra St. Brown,WR,DET,0,0,78,,
12,1,12,11,rialcnis,8138,James Cook,RB,BUF,0,0,76,,
13,2,12,11,rialcnis,6786,CeeDee Lamb,WR,DAL,0,0,74,,
14,2,11,2,Jake,6770,Joe Burrow,QB,CIN,0,0,72,,
15,2,10,5,AndySpidy,8151,Kenneth Walker,RB,KC,0,0,70,,
16,2,9,3,Schwarzlose,11564,Drake Maye,QB,NE,0,0,68,,
17,2,8,12,LordArminhammer,11563,Bo Nix,QB,DEN,0,0,67,,
18,2,7,4,mlilie05,6794,Justin Jefferson,WR,MIN,0,0,65,,
19,2,6,10,casaderecha,12507,Omarion Hampton,RB,LAC,0,0,63,,
20,2,5,1,Redskye2099,6904,Jalen Hurts,QB,PHI,0,0,62,,
21,2,4,8,Nexus510,4866,Saquon Barkley,RB,PHI,0,0,60,,
22,2,3,9,JimTomPinch,11560,Caleb Williams,QB,CHI,0,0,59,,
23,2,2,6,jwman92,5859,A.J. Brown,WR,NE,0,0,57,,
24,2,1,7,kanin_ball,12527,Ashton Jeanty,RB,LV,0,0,56,,
25,3,1,7,kanin_ball,11566,Jayden Daniels,QB,WAS,0,0,54,,
26,3,2,6,jwman92,9224,Chase Brown,RB,CIN,0,0,53,,
27,3,3,9,JimTomPinch,8112,Drake London,WR,ATL,0,0,52,,
28,3,4,8,Nexus510,3294,Dak Prescott,QB,DAL,0,0,50,,
29,3,5,1,Redskye2099,3198,Derrick Henry,RB,BAL,0,0,49,,
30,3,6,10,casaderecha,8130,Trey McBride,TE,ARI,0,0,48,,
31,3,7,4,mlilie05,7569,Nico Collins,WR,HOU,0,0,47,,
32,3,8,12,LordArminhammer,8137,George Pickens,WR,DAL,0,0,46,,
33,3,9,3,Schwarzlose,11604,Brock Bowers,TE,LV,0,0,44,,
34,3,10,5,AndySpidy,13287,Jeremiyah Love,RB,ARI,0,0,43,,
35,3,11,2,Jake,12517,Colston Loveland,TE,CHI,0,0,42,,
36,3,12,11,rialcnis,8144,Chris Olave,WR,NO,0,0,41,,
37,4,12,11,rialcnis,6797,Justin Herbert,QB,LAC,0,0,40,,
38,4,11,2,Jake,10229,Rashee Rice,WR,KC,0,0,39,,
39,4,10,5,AndySpidy,11632,Malik Nabers,WR,NYG,0,0,38,,
40,4,9,3,Schwarzlose,7523,Trevor Lawrence,QB,JAX,0,0,37,,
41,4,8,12,LordArminhammer,1466,Travis Kelce,TE,KC,0,0,36,,
42,4,7,4,mlilie05,12526,Tetairoa McMillan,WR,CAR,0,0,35,,
43,4,6,10,casaderecha,7588,Javonte Williams,RB,DAL,0,0,35,,
44,4,5,1,Redskye2099,7525,DeVonta Smith,WR,PHI,0,0,34,,
45,4,4,8,Nexus510,12518,Tyler Warren,TE,IND,0,0,33,,
46,4,3,9,JimTomPinch,8155,Breece Hall,RB,NYJ,0,0,32,,
47,4,2,6,jwman92,11635,Ladd McConkey,WR,LAC,0,0,31,,
48,4,1,7,kanin_ball,12508,Jaxson Dart,QB,NYG,0,0,30,,
49,5,1,7,kanin_ball,8150,Kyren Williams,RB,LAR,0,0,30,,
50,5,2,6,jwman92,8183,Brock Purdy,QB,SF,0,0,29,,
51,5,3,9,JimTomPinch,9997,Zay Flowers,WR,BAL,0,0,28,,
52,5,4,8,Nexus510,421,Matthew Stafford,QB,LAR,0,0,27,,
53,5,5,1,Redskye2099,7543,Travis Etienne,RB,NO,0,0,27,,
54,5,6,10,casaderecha,4046,Patrick Mahomes,QB,KC,0,0,26,,
55,5,7,4,mlilie05,3163,Jared Goff,QB,DET,0,0,25,,
56,5,8,12,LordArminhammer,12481,Cam Skattebo,RB,NYG,0,0,25,,
57,5,9,3,Schwarzlose,8146,Garrett Wilson,WR,NYJ,0,0,24,,
58,5,10,5,AndySpidy,6801,Tee Higgins,WR,CIN,0,0,24,,
59,5,11,2,Jake,11584,Bucky Irving,RB,TB,0,0,23,,
60,5,12,11,rialcnis,12512,Quinshon Judkins,RB,CLE,0,0,22,,
61,6,12,11,rialcnis,7526,Jaylen Waddle,WR,DEN,0,0,22,,
62,6,11,2,Jake,5850,Josh Jacobs,RB,GB,0,0,21,,
63,6,10,5,AndySpidy,12514,Emeka Egbuka,WR,TB,0,0,21,,
64,6,9,3,Schwarzlose,5892,David Montgomery,RB,HOU,0,0,20,,
65,6,8,12,LordArminhammer,2133,Davante Adams,WR,LAR,0,0,20,,
66,6,7,4,mlilie05,5849,Kyler Murray,QB,MIN,0,0,19,,
67,6,6,10,casaderecha,6790,D'Andre Swift,RB,CHI,0,0,19,,
68,6,5,1,Redskye2099,4983,DJ Moore,WR,BUF,0,0,18,,
69,6,4,8,Nexus510,12519,Luther Burden,WR,CHI,0,0,18,,
70,6,3,9,JimTomPinch,12490,Bhayshul Tuten,RB,JAX,0,0,17,,
71,6,2,6,jwman92,5927,Terry McLaurin,WR,WAS,0,0,17,,
72,6,1,7,kanin_ball,8148,Jameson Williams,WR,DET,0,0,17,,
73,7,1,7,kanin_ball,2216,Mike Evans,WR,SF,0,0,16,,
74,7,2,6,jwman92,12545,Tyler Shough,QB,NO,0,0,16,,
75,7,3,9,JimTomPinch,11620,Rome Odunze,WR,CHI,0,0,15,,
76,7,4,8,Nexus510,12529,TreVeyon Henderson,RB,NE,0,0,15,,
77,7,5,1,Redskye2099,6804,Jordan Love,QB,GB,0,0,15,,
78,7,6,10,casaderecha,13286,Jadarian Price,RB,SEA,0,0,14,,
79,7,7,4,mlilie05,8228,Jaylen Warren,RB,PIT,0,0,14,,
80,7,8,12,LordArminhammer,10859,Sam LaPorta,TE,DET,0,0,14,,
81,7,9,3,Schwarzlose,9487,Parker Washington,WR,JAX,0,0,13,,
82,7,10,5,AndySpidy,7553,Kyle Pitts,TE,ATL,0,0,13,,
83,7,11,2,Jake,4892,Baker Mayfield,QB,TB,0,0,13,,
84,7,12,11,rialcnis,12506,Harold Fannin,TE,CLE,0,0,12,,
85,8,12,11,rialcnis,10236,Dalton Kincaid,TE,BUF,0,0,12,,
86,8,11,2,Jake,8167,Christian Watson,WR,GB,0,0,12,,
87,8,10,5,AndySpidy,7611,Rhamondre Stevenson,RB,NE,0,0,11,,
88,8,9,3,Schwarzlose,11631,Brian Thomas,WR,JAX,0,0,11,,
89,8,8,12,LordArminhammer,4943,Sam Darnold,QB,SEA,0,0,11,,
90,8,7,4,mlilie05,9484,Tucker Kraft,TE,GB,0,0,11,,
91,8,6,10,casaderecha,13279,Carnell Tate,WR,TEN,0,0,10,,
92,8,5,1,Redskye2099,11628,Marvin Harrison,WR,ARI,0,0,10,,
93,8,4,8,Nexus510,12489,RJ Harvey,RB,DEN,0,0,10,,
94,8,3,9,JimTomPinch,5967,Tony Pollard,RB,TEN,0,0,9,,
95,8,2,6,jwman92,11586,Blake Corum,RB,LAR,0,0,9,,
96,8,1,7,kanin_ball,4217,George Kittle,TE,SF,0,0,9,,
97,9,1,7,kanin_ball,9758,C.J. Stroud,QB,HOU,0,0,9,,
98,9,2,6,jwman92,8161,Malik Willis,QB,MIA,0,0,9,,
99,9,3,9,JimTomPinch,4037,Chris Godwin,WR,TB,0,0,8,,
100,9,4,8,Nexus510,10232,Michael Wilson,WR,ARI,0,0,8,,
101,9,5,1,Redskye2099,11583,Jonathon Brooks,RB,CAR,0,0,8,,
102,9,6,10,casaderecha,11533,Brandon Aubrey,K,DAL,0,0,8,,
103,9,7,4,mlilie05,5846,DK Metcalf,WR,PIT,0,0,8,,
104,9,8,12,LordArminhammer,5045,Courtland Sutton,WR,DEN,0,0,7,,
105,9,9,3,Schwarzlose,10222,Jayden Reed,WR,GB,0,0,7,,
106,9,10,5,AndySpidy,7594,Chuba Hubbard,RB,CAR,0,0,7,,
107,9,11,2,Jake,7021,Rico Dowdle,RB,PIT,0,0,7,,
108,9,12,11,rialcnis,6806,J.K. Dobbins,RB,DEN,0,0,7,,
109,10,12,11,rialcnis,7567,Kenny Gainwell,RB,TB,0,0,6,,
110,10,11,2,Jake,13294,Makai Lemon,WR,PHI,0,0,6,,
111,10,10,5,AndySpidy,5870,Daniel Jones,QB,IND,0,0,6,,
112,10,9,3,Schwarzlose,8142,Alec Pierce,WR,IND,0,0,6,,
113,10,8,12,LordArminhammer,13298,KC Concepcion,WR,CLE,0,0,6,,
114,10,7,4,mlilie05,12534,Kyle Monangai,RB,CHI,0,0,6,,
115,10,6,10,casaderecha,8408,Jordan Mason,RB,MIN,0,0,6,,
116,10,5,1,Redskye2099,12522,Cam Ward,QB,TEN,0,0,5,,
117,10,4,8,Nexus510,9228,Bryce Young,QB,CAR,0,0,5,,
118,10,3,9,JimTomPinch,8131,Isaiah Likely,TE,NYG,0,0,5,,
119,10,2,6,jwman92,6819,Michael Pittman,WR,PIT,0,0,5,,
120,10,1,7,kanin_ball,9756,Jordan Addison,WR,MIN,0,0,5,,
121,11,1,7,kanin_ball,2449,Stefon Diggs,WR,WAS,0,0,5,,
122,11,2,6,jwman92,13417,De'Zhaun Stribling,WR,SF,0,0,5,,
123,11,3,9,JimTomPinch,8136,Rachaad White,RB,WAS,0,0,5,,
124,11,4,8,Nexus510,5012,Mark Andrews,TE,BAL,0,0,4,,
125,11,5,1,Redskye2099,12533,Jacory Croskey-Merritt,RB,WAS,0,0,4,,
126,11,6,10,casaderecha,96,Aaron Rodgers,QB,PIT,0,0,4,,
127,11,7,4,mlilie05,9754,Quentin Johnston,WR,LAC,0,0,4,,
128,11,8,12,LordArminhammer,9500,Josh Downs,WR,IND,0,0,4,,
129,11,9,3,Schwarzlose,3451,Ka'imi Fairbairn,K,HOU,0,0,4,,
130,11,10,5,AndySpidy,HOU,HOU D/ST,DST,HOU,0,0,4,,
131,11,11,2,Jake,5022,Dallas Goedert,TE,PHI,0,0,4,,
132,11,12,11,rialcnis,3257,Jacoby Brissett,QB,ARI,0,0,4,,
133,12,12,11,rialcnis,8126,Wan'Dale Robinson,WR,TEN,0,0,4,,
134,12,11,2,Jake,5947,Jakobi Meyers,WR,JAX,0,0,3,,
135,12,10,5,AndySpidy,11624,Xavier Worthy,WR,KC,0,0,3,,
136,12,9,3,Schwarzlose,DET,DET D/ST,DST,DET,0,0,3,,
137,12,8,12,LordArminhammer,DEN,DEN D/ST,DST,DEN,0,0,3,,
138,12,7,4,mlilie05,1373,Geno Smith,QB,NYJ,0,0,3,,
139,12,6,10,casaderecha,11581,MarShawn Lloyd,RB,GB,0,0,3,,
140,12,5,1,Redskye2099,5872,Deebo Samuel,WR,SF,0,0,3,,
141,12,4,8,Nexus510,8134,Khalil Shakir,WR,BUF,0,0,3,,
142,12,3,9,JimTomPinch,13269,Fernando Mendoza,QB,LV,0,0,3,,
143,12,2,6,jwman92,12474,Woody Marks,RB,HOU,0,0,3,,
144,12,1,7,kanin_ball,8110,Jake Ferguson,TE,DAL,0,0,3,,
145,13,1,7,kanin_ball,12501,Matthew Golden,WR,GB,0,0,3,,
146,13,2,6,jwman92,7002,Juwan Johnson,TE,NO,0,0,3,,
147,13,3,9,JimTomPinch,LAR,LAR D/ST,DST,LAR,0,0,2,,
148,13,4,8,Nexus510,8121,Romeo Doubs,WR,NE,0,0,2,,
149,13,5,1,Redskye2099,9480,Brenton Strange,TE,JAX,0,0,2,,
150,13,6,10,casaderecha,13346,Denzel Boston,WR,CLE,0,0,2,,
151,13,7,4,mlilie05,SEA,SEA D/ST,DST,SEA,0,0,2,,
152,13,8,12,LordArminhammer,2747,Jason Myers,K,SEA,0,0,2,,
153,13,9,3,Schwarzlose,10219,Chris Rodriguez,RB,JAX,0,0,2,,
154,13,10,5,AndySpidy,3214,Hunter Henry,TE,NE,0,0,2,,
155,13,11,2,Jake,4199,Aaron Jones,RB,MIN,0,0,2,,
156,13,12,11,rialcnis,PHI,PHI D/ST,DST,PHI,0,0,2,,
157,14,12,11,rialcnis,13345,Jonah Coleman,RB,DEN,0,0,2,,
158,14,11,2,Jake,8259,Cameron Dicker,K,LAC,0,0,2,,
159,14,10,5,AndySpidy,13305,Mike Washington,RB,LV,0,0,2,,
160,14,9,3,Schwarzlose,13414,Kaelon Black,RB,SF,0,0,2,,
161,14,8,12,LordArminhammer,11655,Tyrone Tracy,RB,NYG,0,0,2,,
162,14,7,4,mlilie05,11786,Cam Little,K,JAX,0,0,2,,
163,14,6,10,casaderecha,13281,Jordyn Tyson,WR,NO,0,0,2,,
164,14,5,1,Redskye2099,JAX,JAX D/ST,DST,JAX,0,0,2,,
165,14,4,8,Nexus510,12015,Harrison Mevis,K,LAR,0,0,2,,
166,14,3,9,JimTomPinch,8132,Tyler Allgeier,RB,ARI,0,0,2,,
167,14,2,6,jwman92,BAL,BAL D/ST,DST,BAL,0,0,1,,
168,14,1,7,kanin_ball,11539,Jake Bates,K,DET,0,0,1,,
169,15,1,7,kanin_ball,PIT,PIT D/ST,DST,PIT,0,0,1,,
170,15,2,6,jwman92,9753,Zach Charbonnet,RB,SEA,0,0,1,,
171,15,3,9,JimTomPinch,5189,Eddy Pineiro,K,SF,0,0,1,,
172,15,4,8,Nexus510,BUF,BUF D/ST,DST,BUF,0,0,1,,
173,15,5,1,Redskye2099,12711,Tyler Loop,K,BAL,0,0,1,,
174,15,6,10,casaderecha,DAL,DAL D/ST,DST,DAL,0,0,1,,
175,15,7,4,mlilie05,13330,Kenyon Sadiq,TE,NYJ,0,0,1,,
176,15,8,12,LordArminhammer,9508,Tyjae Spears,RB,TEN,0,0,1,,
177,15,9,3,Schwarzlose,5001,Dalton Schultz,TE,HOU,0,0,1,,
178,15,10,5,AndySpidy,7839,Evan McPherson,K,CIN,0,0,1,,
179,15,11,2,Jake,NE,NE D/ST,DST,NE,0,0,1,,
180,15,12,11,rialcnis,13545,Trey Smack,K,GB,0,0,1,,
